"","name","color","geometry"
"12975142",NA,"green",c(576116.503209757, 6227408.72224055)
"23568150","ARoS Kunstmuseum","green",c(574517.097212586, 6223854.98657049)
"32067922",NA,"green",c(581556.966383752, 6237527.37258163)
"32067924",NA,"green",c(581606.33081865, 6237625.80986506)
"34247371",NA,"green",c(574741.34317354, 6225275.81698063)
"37930615",NA,"green",c(574711.058219195, 6226124.45965573)
"37930616",NA,"green",c(574698.737597515, 6226156.4181635)
"38036160",NA,"green",c(570768.888082531, 6216824.35199308)
"38036161",NA,"green",c(570792.238641881, 6216770.17917555)
"38036162","Tranbjergskolen","green",c(570974.144938319, 6216702.60419721)
"41113303",NA,"green",c(570829.702947808, 6217639.83439295)
"41160762",NA,"green",c(571117.156056043, 6216649.47541547)
"41162526",NA,"green",c(570742.239943495, 6217276.09244089)
"41176529",NA,"green",c(570728.866018193, 6216530.49422908)
"41176532",NA,"green",c(570728.949510386, 6216438.95918954)
"41176584",NA,"green",c(570557.678769209, 6216660.67766858)
"41178625",NA,"green",c(571561.284344228, 6216964.96165864)
"41178627",NA,"green",c(571681.641845259, 6216894.35922999)
"41192000",NA,"green",c(570843.196909613, 6217128.53415539)
"41192005",NA,"green",c(570781.620706132, 6217086.70931361)
"41321503","Det Kgl. Bibliotek","green",c(574464.109556823, 6225682.59852827)
"41327377","Antikmuseet","green",c(574527.51849888, 6225712.57952034)
"42984016","Aarhus Universitetshospital","green",c(572635.287676882, 6227940.95696791)
"44834565","Virupskolen","green",c(578811.694056373, 6233923.66005606)
"51676174","Skolebakken","green",c(575345.493936066, 6224233.4777215)
"53470679",NA,"green",c(574905.068789092, 6223979.75556121)
"56464294",NA,"green",c(577833.506776703, 6232862.65104533)
"59531825",NA,"green",c(572613.919773751, 6223211.42853194)
"59729969",NA,"green",c(576187.960299682, 6229660.74525531)
"67884991",NA,"green",c(576741.749680262, 6228494.50939959)
"87547337","Scandic Hotel","green",c(571507.326654987, 6225231.47835868)
"87596718","Kvickly","green",c(572325.522619075, 6224022.64239708)
"90111377","Gellerup Kirke","green",c(570431.699670636, 6223995.91560857)
"90425308","Coop365","green",c(573708.763020874, 6222590.37000017)
"90425310","Meny Aarhus C","green",c(573734.927781497, 6222640.41202121)
"100288122",NA,"green",c(575047.638928553, 6225596.33008173)
"107363057","Salling","green",c(574990.312451094, 6223921.75903136)
"107368839",NA,"green",c(574990.174048192, 6223513.8798617)
"109264590","Sankt Lukas Kirke","green",c(574191.597168231, 6222835.11867569)
"109268469",NA,"green",c(574350.780268123, 6222772.15520339)
"110589771","Folkestedet","green",c(574146.405173974, 6223986.72229285)
"110779009",NA,"green",c(574095.207989534, 6222994.395073)
"122007299","Lagkagehuset","green",c(573714.373971526, 6222697.01746454)
"143397006","Tivoli Friheden","green",c(574462.959846113, 6221930.54175951)
"143821035","Ingerslevs Plads","green",c(574368.850864152, 6222829.29421502)
"144812527","Frederiksbjerg Idrætscenter - Aarhus Svømmestadion","green",c(574379.064019742, 6222755.88167408)
"144916849",NA,"green",c(574736.933761414, 6221204.20401638)
"149563661",NA,"green",c(577617.219268643, 6216446.15836842)
"150547941","Ingerslevs plads","green",c(574520.214959848, 6222841.21775535)
"158692874",NA,"green",c(576061.033945038, 6225300.23131954)
"160440342",NA,"green",c(570045.765614514, 6219114.163989)
"162078075",NA,"green",c(574221.186503528, 6210910.63750483)
"170622110","Lidl","green",c(573385.991991395, 6228923.43108784)
"174498847","Rema 1000","green",c(563426.963405615, 6230037.67716316)
"175621960",NA,"green",c(576932.07313862, 6218036.75787886)
"177953381",NA,"green",c(575925.175861239, 6229001.99958133)
"188155929","Aarhus Rutebilstation","green",c(575096.138989376, 6223646.75599824)
"217522836","Østbanetorvet","green",c(575540.701292457, 6224855.07220719)
"217522839","Østbanetorvet","green",c(575530.989248356, 6224858.87607834)
"222050784",NA,"green",c(573863.236984159, 6228406.25819881)
"231355324","Bogtårnet","green",c(574455.031386114, 6225702.29238708)
"231427420",NA,"green",c(574738.393854661, 6223662.91631336)
"231434903","Bruuns Galleri","green",c(574849.516159888, 6223330.25866728)
"249389960","Rema 1000 Viby Jylland","green",c(572943.774866064, 6221687.03590553)
"249389963",NA,"green",c(572976.178228617, 6221743.64850282)
"249946277",NA,"green",c(569985.606855307, 6219004.17320544)
"251397097","Aarhus Tigers","green",c(570119.683611981, 6219864.48812875)
"262497115","Gammel Åby Kirke","green",c(572224.060758608, 6222896.92432453)
"269262855","DGI-Huset Aarhus","green",c(574938.533678616, 6223300.76608252)
"269480921","Musikhuset Aarhus","green",c(574485.379259943, 6223751.29301257)
"280997222","SuperBrugsen","green",c(572464.085561988, 6214201.63229917)
"293826057","SuperBrugsen","green",c(581641.536878202, 6237766.84448126)
"293912037","Dagli'Brugsen","green",c(580590.864585165, 6236042.01771893)
"316212995",NA,"green",c(574551.660340769, 6224627.94704521)
"320442322","Mårslet","green",c(572502.395935456, 6214328.40330062)
"320442323","Mårslet","green",c(572508.456040875, 6214337.62860276)
"320996378",NA,"green",c(570143.913036564, 6219956.71552725)
"320996379",NA,"green",c(569994.245071876, 6219884.02181503)
"321023973",NA,"green",c(569382.510320795, 6220983.44804847)
"340572693","Børnenes Kontor","green",c(575132.542978499, 6224147.8260734)
"344112405",NA,"green",c(575023.156570662, 6222264.07508602)
"351074701","Mollerup Hundeskov","green",c(574807.04171934, 6229224.57374585)
"373193293",NA,"green",c(578613.036313744, 6234030.19645577)
"386489091",NA,"green",c(573203.470279812, 6229407.56242641)
"388107809",NA,"green",c(570185.533746178, 6219851.58631493)
"397184377","POWER Mega Syd, Viby J","green",c(571578.209168445, 6219646.47472676)
"399077476","Ungdomskirken Aarhus","green",c(574950.147291739, 6224544.52375554)
"401589969",NA,"green",c(570855.821016857, 6216744.67873762)
"431942820",NA,"green",c(579126.484806053, 6211090.53290723)
"437029014",NA,"green",c(574783.50166049, 6221226.20820312)
"444447549","Lidl","green",c(572080.925041102, 6225453.29859481)
"460930770",NA,"green",c(577460.373672655, 6216635.40702687)
"477415942","Modelparken Danmark","green",c(577977.970209166, 6232089.59235927)
"478608861",NA,"green",c(570454.250732873, 6219394.7088321)
"478608864",NA,"green",c(570550.308019624, 6219437.76351345)
"478608890",NA,"green",c(571346.306267101, 6219698.13994472)
"486939843",NA,"green",c(578700.275574478, 6234097.55980277)
"503539989","Vilhelmsborg","green",c(573350.887414195, 6213867.31886256)
"508585493","ingo","green",c(572486.782866091, 6223438.12870748)
"510335886","Olof Palmes Allé","green",c(573475.691842432, 6227822.23767904)
"510335891",NA,"green",c(574069.112898453, 6227476.76968358)
"510335892","Stockholmsgade","green",c(574497.588824385, 6226621.42858853)
"510335893","Stockholmsgade","green",c(574518.636803387, 6226538.21148047)
"510335894",NA,"green",c(574701.875474416, 6226079.82880813)
"510335895","Aarhus Universitet (Ringgaden)","green",c(574807.518319146, 6225788.91170452)
"510335896","Aarhus Universitet (Ringgaden)","green",c(574778.768711977, 6225892.10806972)
"510335901","Universitetsparken","green",c(574991.879070415, 6225329.75949978)
"510335903","Skolebakken","green",c(575355.666419017, 6224232.86775009)
"510335906","Nørreport","green",c(575245.251042263, 6224725.46459738)
"510624245","Vandtårnet (Ringvejen)","green",c(574302.539017769, 6227097.3019091)
"510624252","Vandtårnet (Ringvejen)","green",c(574334.755728291, 6226987.29944643)
"514081446",NA,"green",c(572513.875015284, 6228688.51326123)
"514081447",NA,"green",c(572510.797500868, 6228679.51223548)
"514081448","Humlehuse","green",c(572357.557585625, 6229331.16941335)
"514081449","Humlehuse","green",c(572348.117555622, 6229332.02506665)
"514081450","Klokhøjen","green",c(572185.907158575, 6230324.70891474)
"514081451","Klokhøjen","green",c(572176.49994666, 6230324.10499338)
"514081452",NA,"green",c(571751.390481066, 6230954.88503507)
"514213592",NA,"green",c(572808.569760883, 6231122.29372901)
"514213593",NA,"green",c(572804.882726671, 6231131.45496555)
"514213594",NA,"green",c(572229.460452345, 6230804.69160675)
"514213599",NA,"green",c(574436.810336235, 6232024.37787857)
"514213600",NA,"green",c(574441.883409833, 6232015.99994209)
"514859292","Dokk1","green",c(575356.911714231, 6223883.74500511)
"514859293","Dokk1","green",c(575347.494464141, 6223880.61375002)
"515368171",NA,"green",c(574613.302731148, 6213079.44505602)
"515368172",NA,"green",c(573464.873486447, 6213804.48153775)
"515368177",NA,"green",c(571860.052751264, 6214770.68845106)
"515368178",NA,"green",c(571854.949292635, 6214768.27494556)
"517221598",NA,"green",c(575293.815547309, 6221072.44024549)
"517728496",NA,"green",c(576202.222767168, 6229656.14826283)
"517728507",NA,"green",c(576733.381180394, 6228486.36024591)
"540068352",NA,"green",c(575781.868882263, 6225261.1098868)
"563850106","Det Gyldne Brød","green",c(576364.007174867, 6232520.50198362)
"564175989",NA,"green",c(576518.247653468, 6232442.15990285)
"566686170","F24","green",c(581405.072166635, 6237451.24823188)
"593014040",NA,"green",c(574490.748712896, 6224339.54345715)
"635792100","Besættelsesmuseet","green",c(575246.146752698, 6224258.06972387)
"661096587",NA,"green",c(575456.432791901, 6220979.05388813)
"845989100",NA,"green",c(576777.884672584, 6227278.26841309)
"903155610","Storcenter Nord","green",c(573794.500725199, 6225685.64065041)
"967856929",NA,"green",c(570937.467039609, 6222512.68943796)
"1007190677",NA,"green",c(574953.767736449, 6223997.62906595)
"1012548867",NA,"green",c(574720.707719465, 6223628.62042543)
"1012548868",NA,"green",c(574715.314078907, 6223629.87623073)
"1012548869",NA,"green",c(574741.252636462, 6223708.35655913)
"1012548870",NA,"green",c(574728.883388121, 6223711.274683)
"1012548874",NA,"green",c(574734.872092864, 6223663.71420347)
"1012548875",NA,"green",c(574725.510658556, 6223666.12367376)
"1012548876",NA,"green",c(574730.089604476, 6223664.951517)
"1012548877",NA,"green",c(574726.151342539, 6223627.11211434)
"1012548878",NA,"green",c(574739.658369979, 6223701.40977315)
"1012548879",NA,"green",c(574722.143645664, 6223667.0905976)
"1034982095","Agnete og Havmanden","green",c(574726.900176785, 6223586.45070158)
"1180734343",NA,"green",c(572631.958952954, 6224017.76207642)
"1185583857","H&M","green",c(573747.939960854, 6225731.35150861)
"1185583858","Eurosko","green",c(573753.331239532, 6225753.54344842)
"1185583859","Imerco","green",c(573758.544575973, 6225777.0216354)
"1185594880","H&M","green",c(573737.03416329, 6225680.83352991)
"1185594881","Mister Minit","green",c(573783.429011656, 6225804.27158529)
"1185602008","Føtex","green",c(573812.579600113, 6225743.99780918)
"1185602009","føtex Bager","green",c(573762.728716905, 6225720.31519428)
"1185602010","Tøjeksperten","green",c(573786.830964072, 6225712.80400974)
"1185602011","Føtex","green",c(573752.286011156, 6225730.41848518)
"1185602012","Postnord","green",c(573772.119299222, 6225741.40109545)
"1185772270","Pilgrim","green",c(573754.539851744, 6225650.99917051)
"1185772275","Anettes Sandwich","green",c(573827.98351971, 6225703.77987282)
"1185772276","Zizzi","green",c(573818.881884773, 6225705.77397318)
"1185772277","YouSee","green",c(573805.959936847, 6225708.60747946)
"1185820463","Vero Moda","green",c(573754.92639591, 6225666.04750035)
"1185820464","Flying Tiger Copenhagen","green",c(573758.27617859, 6225681.51013026)
"1185820465","Synoptik","green",c(573761.846900073, 6225697.22205472)
"1186315746","Fransa","green",c(573787.093690969, 6225657.07312631)
"1186315747","Partyland","green",c(573788.835398497, 6225669.19995245)
"1186315748","Skohunden","green",c(573769.536949714, 6225671.03119336)
"1186315749","Bubble Bar","green",c(573823.3336506, 6225635.3096601)
"1186315750","Vibholm Guld og Sølv","green",c(573809.797476849, 6225647.19233044)
"1186315751","Netto","green",c(573837.579079544, 6225661.12776329)
"1186315752","NORD Delikatessen","green",c(573808.029036672, 6225684.18157136)
"1186315753","GEjSER","green",c(573800.165728883, 6225654.11558746)
"1186315754","Roots Juice & 'Wich","green",c(573819.725592383, 6225666.57057462)
"1186315756","Matas","green",c(573790.785761505, 6225681.496002)
"1186315757","Ecco","green",c(573798.873109522, 6225690.1475446)
"1186315758","Frellsen","green",c(573789.019297256, 6225695.53772283)
"1186315759","ONLY","green",c(573772.637876797, 6225690.78943346)
"1186315761","Pita Planet Two","green",c(573821.949333303, 6225689.27527906)
"1186475237","Stjerneapoteket Storcenter Nord","green",c(573826.002080202, 6225618.43793749)
"1186475238","Storcenter Nord Boghandel","green",c(573745.655012806, 6225635.68520431)
"1186475239","Strauss Skrædderi","green",c(573776.583808916, 6225644.89003384)
"1186475240","Phi Long","green",c(573771.826394933, 6225637.55085561)
"1186475241","Neye","green",c(573764.940398484, 6225647.41748127)
"1186475242","MyRepair","green",c(573827.872489643, 6225626.30464761)
"1189450946","Fransa","green",c(573782.683450794, 6225600.39881023)
"1189450947","Boss et Kaufmann","green",c(573802.031605156, 6225617.76354518)
"1189450948","Zizzi outlet","green",c(573805.433021545, 6225635.37516161)
"1189450951","Poul M","green",c(573796.231499728, 6225578.14777779)
"1189450952","Wagner","green",c(573788.91048926, 6225593.3204831)
"1189450953","NAME IT","green",c(573773.979054573, 6225607.8782358)
"1189450954","Change","green",c(573766.144424402, 6225615.02638871)
"1189450955","Skechers","green",c(573759.313082635, 6225623.20437832)
"1189450956","BR legetøj","green",c(573788.60555824, 6225628.02340448)
"1189450957","Sportmaster","green",c(573837.16024287, 6225592.52700387)
"1189450958","Normal","green",c(573823.014856564, 6225604.90778103)
"1215631740",NA,"green",c(573782.344489853, 6225798.94645879)
"1243203270",NA,"green",c(572380.342615858, 6222418.07421166)
"75897622","Åbyhøjgård","green",c(571362.847860558, 6223254.96925639)
"247135581","Ingo","green",c(572592.134547112, 6221438.97550386)
"258422343","Posthus Superbrugsen","green",c(574449.573212065, 6224280.78002869)
"262404134","SuperBrugsen","green",c(574452.20981672, 6224292.08075941)
"354996623","Hovmarken","green",c(577835.086057922, 6232863.67733322)
"442498685","Nordisk Film Biografer Aarhus C","green",c(574909.604585018, 6223574.80674572)
"442862710","7-Eleven","green",c(574275.499841002, 6223104.28887883)
"442862711","SuperBrugsen","green",c(574427.79944171, 6223194.65461465)
"442862712","Netto","green",c(574608.7102807, 6223204.99183763)
"442862713","Kvickly","green",c(574815.860254646, 6223284.21479702)
"442918116","Føtex Food","green",c(574802.685288686, 6223073.13607757)
"442918117","Burger King Århus","green",c(574761.078742882, 6223515.9382825)
"442918121","Netto","green",c(574926.184147292, 6223568.69544167)
"442918123","Føtex Food","green",c(574994.429352906, 6224406.8071214)
"445339960","Netto","green",c(574566.516769569, 6226567.17664984)
"449331581","Åbyhøjgård","green",c(571315.137797783, 6223258.26058243)
"451848197",NA,"green",c(573627.75130099, 6224852.59794066)
"487096007","Kolt","green",c(566360.542753182, 6218466.82365747)
"502652544","Netto","green",c(570229.191446213, 6217219.77840101)
"502674108","Rema 1000","green",c(570715.928998355, 6216800.81710697)
"502674110",NA,"green",c(570672.094186912, 6216759.45235081)
"570102448","Kunnerupvej","green",c(566668.81582055, 6218522.41757019)
"571127029","Byens Burger","green",c(574452.861362476, 6224013.26871552)
"574742776","Train","green",c(575289.081099259, 6223709.84844974)
"575140047","Søren Frichs Vej","green",c(571609.785395361, 6222975.0156009)
"632467142",NA,"green",c(574855.54285657, 6223521.56167949)
"636858968","Spiralen","green",c(570943.857354342, 6225691.60465465)
"646731626","Cabinn Aarhus","green",c(575181.843600968, 6224085.37936149)
"672198752",NA,"green",c(566158.32416605, 6226472.80070792)
"692005324","Føtex","green",c(574085.908937066, 6228274.53693313)
"713489501","Købmand Brabrand","green",c(567774.473883756, 6223342.22490673)
"792406714","Magasin","green",c(574944.923749681, 6224202.11607026)
"792406727","Lou Lou","green",c(575125.657296268, 6224020.28174222)
"825060403","Café Stiften","green",c(574755.699528153, 6223440.3107033)
"825060407","McDonald's Aarhus Banegaard","green",c(574850.446099831, 6223467.21301285)
"828002958","Hovmarken","green",c(576760.428608632, 6232871.65082338)
"828208358",NA,"green",c(574482.046605495, 6222858.71849523)
"828209184",NA,"green",c(575024.448576187, 6222246.89805329)
"920391556","The Bagel Company","green",c(574823.374413401, 6223459.24808869)
"920393415","Banegårdspladsen","green",c(574865.551815512, 6223495.33032204)
"933879926","Vesterbro Torv","green",c(574471.773359988, 6224393.94879254)
"933879927","Vesterbro Torv","green",c(574466.29377692, 6224383.2331753)
"933880047","Klostervangen","green",c(574493.768869957, 6224706.7080655)
"933880048","Klostervangen","green",c(574491.616636879, 6224694.36926466)
"933882961","Park Allé","green",c(574748.46823426, 6223569.16523101)
"933882964","Park Allé","green",c(574755.298853973, 6223665.94755105)
"1042570236","Kaserneboulevarden","green",c(574382.55711384, 6225045.606779)
"1042571403","Kaserneboulevarden/Langelandsgade","green",c(574321.31977576, 6225060.11800879)
"1116310144","Schweizerbageriet","green",c(574775.151755092, 6223103.60382856)
"1225633774","Rema 1000 Frederiksgade","green",c(574702.562590987, 6223817.13064109)
"1227838693","Studenternes Hus/Nordre Ringgade","green",c(574543.049512581, 6225747.30521627)
"1233003166","Bog & idé","green",c(574979.372584659, 6223991.32408978)
"1233080347",NA,"green",c(574961.417948318, 6224029.59509912)
"1240225789",NA,"green",c(573947.414452956, 6222717.19730916)
"1280618245","Søgade/Frederiks Allé","green",c(574482.179706811, 6223453.92760592)
"1297439685","Wagner","green",c(574976.401052218, 6223985.02676574)
"1297439686","Espresso House","green",c(574842.312474654, 6223626.57692122)
"1297439716","Holst","green",c(574847.643579381, 6223672.12390488)
"1297439721","Profil Optik Brøbecher","green",c(574851.951722219, 6223711.84188214)
"1297439732","Luksus Baby","green",c(574861.210684742, 6223620.39454644)
"1297439741","Qvist Briller","green",c(574994.68806282, 6224018.65520964)
"1297439747","Guldsmed Boye","green",c(574951.264666563, 6223938.73227948)
"1297439761","Lilly","green",c(574883.319480467, 6223814.14075209)
"1297439781","Guldager & Sønner ApS","green",c(574857.001271962, 6223574.66675808)
"1297439785","Thiele","green",c(574848.731986732, 6223679.89111498)
"1319753558","Sanct Lukas Apotek","green",c(574139.396204493, 6222989.43924706)
"1319969847","Rask Cykler","green",c(575152.982997316, 6224694.90066774)
"1370479719","Villa Provence","green",c(575120.978431859, 6223896.27280953)
"1471154528","Hermansen Cykler","green",c(574541.910574551, 6224380.88569374)
"1471275794","Center Cykler","green",c(570659.824344481, 6216789.55199998)
"1548993855",NA,"green",c(574663.299845339, 6225263.15548755)
"1561610603","Føtex","green",c(572147.176248967, 6221203.43305436)
"1561610607","Viby Apotek","green",c(572206.384544999, 6221161.5035696)
"1568949396","McDonald's","green",c(574497.228879766, 6226679.75553227)
"1573162834",NA,"green",c(572316.946138359, 6222292.47942635)
"1573825104",NA,"green",c(574464.361986594, 6222839.96478258)
"1602608951","Føtex","green",c(574513.095387136, 6223531.03400934)
"1602608965",NA,"green",c(574550.85944626, 6223565.87858758)
"1636999843",NA,"green",c(574363.006899731, 6223213.05614461)
"1691739299","Mårslet postbutik","green",c(572475.102924369, 6214214.78295142)
"1691744064","Stjerneapoteket","green",c(574703.518728954, 6226169.83039478)
"1709630294","Matematisk Kantine","green",c(574531.420434583, 6225271.77929689)
"1745739439",NA,"green",c(574852.00827313, 6225291.44203691)
"1773955050",NA,"green",c(564721.424642421, 6229470.78140735)
"1777235277","Scandic Aarhus City","green",c(574875.522515718, 6223904.75641747)
"1777238191","Café Paradis","green",c(575112.370308358, 6224565.45205541)
"1855204149","Rema 1000","green",c(569416.046270658, 6220973.8976358)
"1885346131","Svalegangen","green",c(574935.144878613, 6223657.14377637)
"1893378560","Spiselauget","green",c(574182.406905033, 6223839.84320762)
"1945583653","PureGym","green",c(574120.424646163, 6225604.18615094)
"1952186919","Løvbjerg","green",c(575227.184153011, 6225966.95831784)
"1987802821","Rutebilstationen/Sønder Allé","green",c(575122.815745264, 6223672.39728334)
"1987802830","Rutebilstationen/Sønder Allé","green",c(575181.127758646, 6223677.52788394)
"2152541957","Salling","green",c(574979.789959619, 6223894.69031952)
"2163746253","Ptu","green",c(573865.806171353, 6222464.35412289)
"2173132345","Bandagist center","green",c(576044.989708105, 6229565.76338402)
"2318241732","Handi-K@","green",c(572636.303558279, 6220343.14959783)
"2382365405","Café Albert","green",c(573536.886377319, 6225724.60840875)
"2425801020","China Palace","green",c(573958.326459648, 6225442.90197477)
"2632663641","Ecco","green",c(574827.443151516, 6223529.07515277)
"2655774552","Tranbjerg Bibliotek","green",c(570673.481512644, 6216812.05200825)
"2698893491","Restaurant Fortegården","green",c(576444.767642103, 6228793.03640607)
"2733230773","EventyrSport","green",c(574859.63347088, 6223908.05230232)
"2733230776","Spejder Sport","green",c(574875.532323166, 6223924.46106865)
"2733231431","Ilva","green",c(572052.859932078, 6221274.34056356)
"2776455705","Fysisk Fredagsbar","green",c(574423.188098651, 6225364.03323451)
"2776455707","Stakbogladen Naturfagsafdelingen","green",c(574470.048591576, 6225241.66705143)
"2838957162","Lystrup","green",c(576574.102090513, 6232483.77064657)
"2838957163","Løgten","green",c(581567.891375648, 6237548.78855676)
"2838957166","Skødstrup","green",c(580721.03839929, 6235988.21478196)
"2840871852","Rema 1000","green",c(574973.146046535, 6224578.55402699)
"3050708390","Cafeen i Væksthusene","green",c(574124.745046947, 6224556.33041675)
"3171811545","Daro.dk Handicaptøj og tøj til kørestolsbrugerer","green",c(577012.359302325, 6232060.42083441)
"3231560052","Park Allé","green",c(574757.416819512, 6223506.79030934)
"3231561567","Park Allé","green",c(574729.429593425, 6223511.42307859)
"3231561619","Banegårdspladsen","green",c(574784.235269227, 6223504.33041877)
"3402662685","Djurslands Bank A/S","green",c(570858.478743355, 6217643.79614011)
"3402663446","Espresso House","green",c(574726.633556405, 6223495.73321642)
"3402664210","Cafe Rømer","green",c(575060.496820215, 6224137.50030737)
"3402665422","Grappa","green",c(575007.525067069, 6224182.21576713)
"3402665457","Sparekassen Danmark","green",c(574363.148223086, 6223221.38565359)
"3402665470","Hotel Faber","green",c(574291.255772296, 6223633.21865356)
"3402667015","Pizza Day And Night","green",c(574981.277632663, 6224581.41268402)
"3416615977","Kaospilot Denmark","green",c(575374.549485479, 6223469.26367222)
"3431272008","Den store cykelsmed","green",c(574064.96738902, 6228306.41405736)
"3431272009","Matas","green",c(574074.888380126, 6228315.23577357)
"3431272011","AudioNova","green",c(574099.833216588, 6228327.08969844)
"3431272013","Frisør Piet","green",c(574115.322107937, 6228334.44940337)
"3431272015","Lion Sandwich og Shawarma Bar","green",c(574130.042768692, 6228332.41115427)
"3462863885","Eventyrsport / Fjällräven Store","green",c(575029.512535621, 6223869.64431774)
"3607209397","Borgerservice Aarhus Kommune","green",c(575398.95169519, 6223799.79396919)
"3623468434","Pipes","green",c(574537.960317059, 6226628.11958144)
"3653697668","Juliette","green",c(574566.415491119, 6223205.01273909)
"3798986033","Prima Pizza","green",c(572405.165337336, 6221076.36464738)
"3823274797",NA,"green",c(567614.310512526, 6223033.01916187)
"3904868884","Hennes & Mouritz","green",c(575043.690911028, 6224110.88869616)
"3930372285","Starbucks","green",c(574982.942169947, 6223954.92767953)
"3930372286","Humac","green",c(575053.196801218, 6224063.36362787)
"3939095709",NA,"green",c(574279.302984679, 6224276.38832521)
"3939095712",NA,"green",c(574629.784147125, 6224477.72068539)
"3939095714",NA,"green",c(574781.294504631, 6224559.14745628)
"3957253541","Lava","green",c(575212.744673715, 6223984.66051759)
"3993362761","Cafe Gemmestedet","green",c(574789.227788683, 6224421.07623294)
"3997295960","Restaurant Hærværk","green",c(574322.220526799, 6223167.67419745)
"4081977708","Cafe Parasollen Viby","green",c(572431.511166502, 6221054.81215896)
"4084083761","It-hjørnet","green",c(573874.225704455, 6225847.76211806)
"4084111704","Salling Bistro","green",c(574980.483972361, 6223926.3966388)
"4090134347","Waxies","green",c(574930.976428344, 6224104.3960919)
"4095418358","Netto","green",c(572450.097717509, 6223992.392975)
"4103942662","Dalle Valle Bruuns","green",c(574767.820611634, 6223343.56959064)
"4114341316","Café NJoy","green",c(574543.924324339, 6223496.61431535)
"4116756585","Vinde","green",c(572113.296886287, 6225418.88266635)
"4127002609","Scandic Aarhus City Restaurant & Bar","green",c(574871.144786422, 6223906.38318535)
"4278761899",NA,"green",c(575365.575739107, 6223801.39988598)
"4356469398",NA,"green",c(574650.899013056, 6223724.35404981)
"4379852202","Lille Sal","green",c(574497.188666464, 6223772.24244164)
"4379852203","Store Sal","green",c(574487.965692925, 6223739.48629438)
"4403383115","Espresso House","green",c(574962.964454007, 6224131.18380064)
"4418717791","Det Grønne Køkken, Aarhus","green",c(574783.670429778, 6223349.40124889)
"4418976321","Tatashe","green",c(575149.053159846, 6223578.66537715)
"4434214902","Ikea Restaurant","green",c(573270.607446618, 6229373.19630034)
"4441343536","Oops","green",c(574888.999092492, 6224053.34332959)
"4441355678","Duck It Aarhus","green",c(575168.04398718, 6223602.66613793)
"4446924098","Børnenes Kontor Pølsekiosk","green",c(574759.474568028, 6223765.65594994)
"4450641000","Joe & The Juice","green",c(574847.560238573, 6223346.39763943)
"4450641001","Cinemaxx","green",c(574776.634502163, 6223355.18980771)
"4471348432","Mormors Køkken","green",c(575156.081763188, 6223600.2298165)
"4573261695","Karma","green",c(574794.037752939, 6223335.03205494)
"4574223280","Symposion Fredagsbar","green",c(574855.615650072, 6225875.98372231)
"4679362726","Plejehjemmet Ankersgade 27","green",c(573789.97336118, 6223130.02262971)
"4679362727","Plejebolig Ankersgade 25 Område Marselisborg Plejebolig","green",c(573846.765241544, 6223142.34473639)
"4679362728","Plejebolig Ankersgade 23 Område Marselisborg Plejebolig","green",c(573904.98602959, 6223159.3567191)
"4747788467",NA,"green",c(574516.693551953, 6224049.77963391)
"4874278234","Wakeup Aarhus","green",c(574776.383400298, 6223257.04168219)
"4878983391","Carl's Jr.","green",c(573822.58480384, 6225571.17665584)
"5021370122","Universitetshospitalet","green",c(573003.045171689, 6228126.85291758)
"5026479524","Aarhus H","green",c(574792.860751409, 6223394.63696563)
"5030711339","7-Eleven","green",c(574828.80673208, 6223433.90526555)
"5030711340","7-Eleven","green",c(574859.016978419, 6223443.62831306)
"5033266278","Malling","green",c(574220.645369863, 6210911.53172565)
"5033266631","Nørrevænget","green",c(571625.112601271, 6216936.19938167)
"5033266697","Tranbjerg","green",c(570660.397577242, 6217409.76344344)
"5042030355","Østbanetorvet","green",c(575542.515448021, 6224876.05477886)
"5047746768",NA,"green",c(575504.215298672, 6220831.08790142)
"5051758849","Vestre Strandallé","green",c(576747.072898345, 6228468.77757502)
"5091428823","Skadestuen og lægevagten i Aarhus","green",c(572473.053333003, 6228076.14063573)
"5158616153","MokkaHouse","green",c(576697.858385455, 6229944.04484194)
"5163456819","Hvalikopteren","green",c(574478.079660116, 6223595.43873811)
"5163965569",NA,"green",c(574981.216577393, 6226353.20600098)
"5169940710","TOBY Dao","green",c(572375.96107518, 6221337.2907072)
"5354680821","MacSupport","green",c(574689.427250768, 6226173.09127792)
"5409811177","Dokk1","green",c(575347.13231032, 6223898.31794556)
"5409811178","Skolebakken","green",c(575350.267133528, 6224232.32605837)
"5546097055","Netto","green",c(572578.531280679, 6223398.97632418)
"5546258811",NA,"green",c(572578.640379233, 6223402.80768907)
"5649147233",NA,"green",c(574236.088594596, 6223092.41795325)
"5658324653","Langenæs Blomster","green",c(573662.834476488, 6222843.99320898)
"5664847873","Trævarefabrikernes Udsalg","green",c(574401.575267562, 6223280.55353725)
"5665591749","Flying Tiger Copenhagen","green",c(574941.996003625, 6224053.37941823)
"5665591750","Plakaten","green",c(575058.533081335, 6224069.43525814)
"5668983951","Aarhus Hovedbibliotek","green",c(575434.367481711, 6223823.85125956)
"5669056218","Bora Bora","green",c(574504.724264806, 6223650.46204173)
"5669056219","Teater Refleksion","green",c(574763.881493983, 6223898.38730368)
"5673240746","Fri BikeShop Aarhus","green",c(574197.894136131, 6223044.71095106)
"5673240748","Netto","green",c(574185.048287457, 6223031.09628507)
"5683217217","Stakbogladen","green",c(574541.704898368, 6225792.07892788)
"5684455343","Müllers Kolonial","green",c(573852.593134329, 6225444.18317143)
"5693686225","Lindberg Optik","green",c(574939.378976448, 6224136.92744813)
"5767481154","Normal","green",c(574946.050356471, 6224090.47697289)
"5902863622","Aarhus BSS Nordøstre hjørne","green",c(574829.414989587, 6225669.44083885)
"5906500229","Steen Steensen Blicher","green",c(573913.266406229, 6224820.92311431)
"5909921706","Grappa Piccolo","green",c(574998.94345471, 6224193.30934173)
"5933998022","Nordea","green",c(570818.101494096, 6216719.42180242)
"5994345256","Fødeafsnit","green",c(572638.531287938, 6228188.57872713)
"6007131307","Bestseller","green",c(575071.9555676, 6224133.83810573)
"6353173454","Rema 1000","green",c(574210.744237882, 6223066.32993877)
"6557805983","Studenternes Hus/Nordre Ringgade","green",c(574510.603005581, 6225766.35592101)
"6574792752","Paludan-Müllers Vej/Vestre Ringgade","green",c(573916.123264952, 6225424.51726885)
"6698132698","A+ Siam Sushi Restaurant","green",c(574873.985923841, 6224041.39183279)
"6699203162","Flame Burger","green",c(574256.62115445, 6223124.33406751)
"6700631846","Bluefin Aarhus Sushi & Gin","green",c(575086.043693551, 6224484.56933573)
"6700631851","Plantecafeen","green",c(574153.034680103, 6223890.56620368)
"6761586994","Fairbar","green",c(574926.991638454, 6224378.40814592)
"6765089494","Bar Habla","green",c(574614.673451765, 6223229.40891549)
"6767686402","Umami Sushi","green",c(574763.083484565, 6223393.54960619)
"6772055741","IKEA Kaffebar","green",c(573273.437005212, 6229374.64746969)
"6796418152",NA,"green",c(574911.620279039, 6224147.89731269)
"6796418393",NA,"green",c(575345.539616508, 6224172.95116205)
"6956069142","Trige Kombi-bibliotek","green",c(571107.660869668, 6234817.87832226)
"7559163380","Frisør P. Noergaard","green",c(575219.760540239, 6225980.52090846)
"7765585784","Salling rooftop","green",c(574969.975886522, 6223936.77748362)
"8220382636",NA,"green",c(575711.548028622, 6226480.29115492)
"8367313481","Tunnelen/Skejbygårdsvej","green",c(574338.806485492, 6228536.89761914)
"8367313483","Tunnelen/Skejbygårdsvej","green",c(574422.158490445, 6228578.39057208)
"8505301161","Plukk","green",c(574150.393147826, 6223888.10475148)
"8563990109",NA,"green",c(572346.800376289, 6227949.16539857)
"8563990114",NA,"green",c(572376.685934254, 6227946.37563671)
"8607905027",NA,"green",c(576087.300844225, 6216636.93873929)
"9038674926",NA,"green",c(575448.001702896, 6225401.39189253)
"9238855455","Dolce Vita","green",c(574287.991805504, 6219828.26426801)
"9251270152","Kvickly Bager","green",c(572326.200988448, 6224026.06779817)
"9276013474","Lagkagehuset","green",c(574756.279324092, 6223239.64715457)
"9350174317",NA,"green",c(575358.779154091, 6224168.01853807)
"9581323122","Imerco Århus Store Torv","green",c(575052.115013939, 6224243.9248012)
"9626384988","SuperBrugsen Lystrup","green",c(576493.385175657, 6233233.00517381)
"9750039534",NA,"green",c(574496.87319838, 6226668.0824845)
"9831255461","Tingagergården","green",c(568620.020007149, 6227317.76438815)
"9958918586","Katrines Kælder","green",c(573961.079821381, 6225863.8561459)
"10095807265",NA,"green",c(570674.607034695, 6217372.49326751)
"10183539217","COS","green",c(575097.091698096, 6224213.6755755)
"10201807748",NA,"green",c(575297.663636449, 6222181.93206276)
"10201836866",NA,"green",c(575427.532782634, 6222253.88208579)
"10201837161",NA,"green",c(575370.07430675, 6222066.87010518)
"10203838854",NA,"green",c(569297.664957433, 6221120.46282034)
"10203838862",NA,"green",c(569248.834902529, 6221149.45236879)
"10218259509",NA,"green",c(574822.218136044, 6223346.456059)
"10233313159","Rema 1000","green",c(569747.204980516, 6227258.85121454)
"10235068900",NA,"green",c(573670.299361506, 6225986.08690773)
"10241028258","Universitetsparken","green",c(574991.81658802, 6225329.47853881)
"10259714524","Lægerne Vennelystparken","green",c(574968.535667747, 6224968.31106618)
"10316517913",NA,"green",c(576709.759284817, 6232436.52999342)
"10703135201","Ingo","green",c(569952.42007619, 6224754.4947249)
"10766585957","Park Allé","green",c(574727.066504572, 6223552.50516929)
"10766585964","Park Allé","green",c(574771.33277527, 6223656.88717226)
"10766585965","Park Allé","green",c(574763.91357654, 6223628.40333422)
"10766585966","Park Allé","green",c(574757.892689624, 6223605.59919815)
"10766702953","Park Allé","green",c(574775.802344374, 6223677.42663531)
"10766702955","Park Allé","green",c(574756.255507092, 6223599.00248365)
"10809122330",NA,"green",c(574135.828730599, 6224294.21978818)
"10943621286",NA,"green",c(574179.949163069, 6223871.98450609)
"10943621287",NA,"green",c(574188.706060363, 6223805.82024727)
"10957841056",NA,"green",c(572583.899192406, 6220875.00845235)
"10959881161",NA,"green",c(573197.830521384, 6224502.54125631)
"10991531119",NA,"green",c(574136.245373162, 6224573.84037512)
"11035651610",NA,"green",c(572285.016741025, 6214204.89190364)
"11038599252",NA,"green",c(574507.745676482, 6225260.20147396)
"11038599255",NA,"green",c(574354.634679661, 6225336.90378387)
"11038599265",NA,"green",c(574488.529819611, 6225259.37737804)
"11038599267",NA,"green",c(573773.486473985, 6225877.32964709)
"11042621431",NA,"green",c(573741.211574998, 6225899.30572751)
"11042621432",NA,"green",c(573777.344670665, 6225872.5535146)
"11042621463",NA,"green",c(574580.014320609, 6225823.64980312)
"11083849838",NA,"green",c(578440.116689791, 6234893.36004243)
"11174226895","Skanderborg Apotek Kridthøj","green",c(574293.812210097, 6219850.57411818)
"11263451077","Akvariet","green",c(573814.38460868, 6225674.33316212)
"11290280157",NA,"green",c(566959.652132763, 6225641.19672131)
"11338132328",NA,"green",c(569253.204357746, 6221128.72821576)
"11835300932",NA,"green",c(573078.762412087, 6223574.96391844)
"11835300933",NA,"green",c(573114.283579126, 6223611.51622618)
"11835300934",NA,"green",c(573101.134063712, 6223593.75842177)
"11835300935",NA,"green",c(573118.652318098, 6223570.33426346)
"60728585",NA,"red",c(573046.842475959, 6218374.77703463)
"100188076","Magenta ApS","red",c(575171.467767245, 6225638.97901579)
"380202309",NA,"red",c(570496.366544052, 6220749.33266635)
"380202310",NA,"red",c(570466.765020692, 6220773.9053635)
"431942819",NA,"red",c(579092.740701008, 6210847.8148607)
"515037672",NA,"red",c(574864.587843649, 6223435.49676204)
"515037673",NA,"red",c(574870.960531246, 6223417.88185215)
"515037720",NA,"red",c(574892.589450576, 6223487.07843487)
"589576648",NA,"red",c(573924.127399191, 6224476.28924291)
"615404687",NA,"red",c(571039.681975169, 6223781.45476092)
"615404688",NA,"red",c(571063.039051316, 6223727.59739799)
"615404699",NA,"red",c(571041.103456805, 6223775.79208338)
"615404700",NA,"red",c(571047.139894313, 6223777.15590079)
"615404701",NA,"red",c(571071.010635081, 6223759.98651366)
"615404702",NA,"red",c(571027.542440097, 6223755.46274784)
"615404703",NA,"red",c(571058.953164955, 6223740.2144662)
"615404704",NA,"red",c(571051.5533914, 6223737.92760803)
"615404706",NA,"red",c(571056.978736011, 6223746.55316424)
"615404707",NA,"red",c(571059.786420536, 6223772.26697908)
"615404708",NA,"red",c(571029.938818248, 6223766.86841982)
"615404726",NA,"red",c(571066.535297358, 6223748.39406654)
"615404755",NA,"red",c(571039.092958489, 6223740.92063526)
"662857313",NA,"red",c(570220.408904629, 6221444.95672316)
"662857329",NA,"red",c(570147.575740186, 6221440.46412767)
"928906334","Balancebanen","red",c(569458.062598857, 6221539.19475006)
"1228737463",NA,"red",c(576382.257808977, 6229396.12167887)
"252517149",NA,"red",c(574120.472332567, 6222926.58119889)
"259476846","7-Eleven","red",c(575003.002311925, 6224268.79187396)
"291592846","7-Eleven","red",c(574410.067394309, 6224315.78430482)
"473574320",NA,"red",c(575452.538983039, 6224971.43315247)
"562704473","Sherlock Holmes Pub","red",c(574737.788057036, 6223854.43752904)
"565434640","Jelshøj","red",c(573488.64802084, 6217583.55351374)
"567053989","Hos Anton","red",c(574503.893130621, 6224216.35457831)
"571126258","Ali Baba Pizza & Grillbar","red",c(574908.209243135, 6224290.74534127)
"571480057","Anettes Sandwich","red",c(573867.153297843, 6222734.58260663)
"654136077","Café Jorden","red",c(575025.058479378, 6224348.5638708)
"654136092","Carlton","red",c(575050.151891871, 6224316.61898249)
"654136097","Ris Ras Filliongongong","red",c(575293.909734469, 6224373.40827963)
"654136104","Café Drudenfuss","red",c(575128.684271271, 6224425.51316104)
"654136109","Café Englen","red",c(575125.385761316, 6224452.06198924)
"654137662","L'estragon","red",c(575104.800402925, 6224438.43109412)
"1116310132","Saichi Sushi","red",c(574684.559519028, 6223232.58555613)
"1116310134","Sct. Pauls Møntvask","red",c(574769.54169167, 6223042.95654067)
"1116310138","Stromboli","red",c(574720.531668203, 6223215.24481365)
"1116310143","Peter Gift","red",c(574749.972095698, 6223275.97366222)
"1232453512","Jyske Bank","red",c(574838.223174051, 6223916.55085995)
"1233003151","Vibholm","red",c(574865.307789342, 6223782.78867279)
"1240047337",NA,"red",c(574875.03713447, 6224387.56352617)
"1297439698","Intersport","red",c(574862.956665927, 6223631.42392885)
"1297439703","Hunkemöller","red",c(575021.39461777, 6224060.73599674)
"1297439727","Georg Jensen","red",c(575024.901275909, 6224035.04795982)
"1389242165","Kiosk 25","red",c(574646.703540431, 6226155.22437449)
"1471145081","Friis cykler","red",c(573972.637605805, 6222688.22074535)
"1472909349","Under Masken","red",c(575157.262232066, 6224291.28892291)
"1488560792","Ziggy Original","red",c(575579.17156903, 6226085.2731294)
"1488563547","Trøjborg Apotek","red",c(575524.813581986, 6225748.70085896)
"1529752190",NA,"red",c(562364.456363362, 6226541.64998179)
"1542324968",NA,"red",c(567832.172681672, 6224384.25012213)
"1567951612","16","red",c(567977.954379879, 6224655.50023584)
"1634477791","Smag Først","red",c(574473.354314513, 6223198.35156534)
"1885339402","Flintstone Pub","red",c(574934.377185119, 6223677.5918383)
"1987802648",NA,"red",c(575035.649304177, 6223584.83818021)
"2104332551","Olinico","red",c(575280.081118831, 6224427.45850056)
"2123630331","Herr Bartels","red",c(575113.469189122, 6224078.99232927)
"2152541993","Vesterbro Kiosk","red",c(574453.955857257, 6224353.90735636)
"2152542005","Sivas døgnkiosk","red",c(575037.262245096, 6224576.49279041)
"2273711692","Pearl India","red",c(575034.357754589, 6223653.98166073)
"2463843228","Let Køb","red",c(573404.737785058, 6221337.65576494)
"2733230772","City Stoffer & Garn","red",c(574775.01533967, 6223637.06885417)
"2733230774","Jagtstuen","red",c(574758.637629695, 6223577.85896892)
"2733230775","MASH Århus","red",c(574759.255855411, 6223536.72418028)
"2971224533","Oishii Sushi","red",c(575059.755973439, 6224600.30965305)
"2971230033","Hjorten","red",c(574402.391622719, 6224337.06982438)
"3056098100","Letkøb","red",c(574711.206798105, 6222916.34297638)
"3252762967","Samler Børsen, Aarhus","red",c(574834.456782733, 6222956.9335216)
"3402662668","Den Hvide Hest","red",c(574449.616259317, 6223216.20744867)
"3402664214","Mefisto Pizza & Bar","red",c(575119.32214377, 6224396.80525386)
"3402664215","Café Århus","red",c(574996.143653758, 6224583.89942585)
"3402665088","Frelsens Hær Genbrug","red",c(575023.571655679, 6224593.08532524)
"3402665442","Haarfein","red",c(574510.458936831, 6223219.491329)
"3402665450","Headoffice","red",c(574582.958360693, 6223205.70137187)
"3402667046","Ren kost","red",c(574522.243109494, 6223220.8094716)
"3402667513","Shawarma Bar","red",c(574985.989567303, 6224347.71284784)
"3402667676","Stribeladen","red",c(574530.046341993, 6223200.90677783)
"3402668690","Viggo","red",c(575037.805643923, 6224156.0280492)
"3782044365","Kowloon","red",c(574678.025733018, 6223481.63823356)
"3798986025","Pizza Love","red",c(574579.984962552, 6226338.34896743)
"3927000044","IM-Genbrug","red",c(574610.943399321, 6224422.69868493)
"3939876531","Ffood","red",c(574461.06323292, 6224356.75833803)
"4081996265","Sandwichen","red",c(572382.979547634, 6221109.30901533)
"4083089997","Det Blå Sted","red",c(574338.624065738, 6223232.64923227)
"4083089999","Gerners Grill","red",c(574226.730396093, 6223043.21756716)
"4083090001","San Mario Pizzaria 1","red",c(573927.655609569, 6222856.01138972)
"4084101678","Tasty","red",c(574329.991436028, 6223180.39974146)
"4084111699","Glad","red",c(574241.991701776, 6223062.31795643)
"4084111702","Kowloon","red",c(574731.949669799, 6223849.32608507)
"4090177950","Dania Tapas og Sandwich","red",c(574454.124999659, 6223414.52107318)
"4126226612","Le Basilic","red",c(575414.701798351, 6224749.58572602)
"4126226613","Olive","red",c(575401.324969851, 6224725.35964204)
"4150773899","Fatter Eskil","red",c(575262.080838043, 6224015.23952667)
"4208676496","Ab Centrum bed w/o breakfast","red",c(573265.414680507, 6230545.95812306)
"4289542378","Orkide Køkken","red",c(581568.193748655, 6237741.53186723)
"4450649263","Frederiksbjerg Pizzeria & Grill","red",c(574162.94927008, 6223015.30656665)
"4506499288","Running Ping","red",c(574776.77496707, 6223884.09556846)
"4577770742","Mig & Ølsnedkeren","red",c(575281.341839942, 6224304.09905807)
"4694355822","Jysk Rejsebureau","red",c(575320.758568493, 6224345.97104985)
"4705262123","Yarnfreak","red",c(574539.184058968, 6222889.88067878)
"4826060506","The Hummus and pita bar","red",c(574636.942447804, 6226127.37880838)
"5012376443","Danhostel Aarhus // Hallo Café","red",c(574999.107200619, 6224102.32639501)
"5117817442","Basso","red",c(575256.945426754, 6224042.31262307)
"5124108023","De fyrretyve røvere","red",c(574389.948483247, 6223263.37474007)
"5161550896",NA,"red",c(574050.750160273, 6228051.27834714)
"5161550897",NA,"red",c(573994.751081435, 6228057.23393044)
"5418045880","Aarhus Brætspilscafé Fredensgade","red",c(575049.459446657, 6223700.6685827)
"5418045884","Faour","red",c(574957.704038937, 6224424.36597718)
"5658324652","Langenæs Kiosken","red",c(573680.772256672, 6222869.90600064)
"5677825669","Laris","red",c(574239.052377724, 6223057.64708699)
"5677825670","Aage Skov Musikhandel","red",c(574266.639900821, 6223135.38404397)
"5678435725","Dancy & Daughters","red",c(574540.57041052, 6223202.14739351)
"5687975554","Aarhus Fishing Gear","red",c(575095.483061821, 6223765.93201924)
"5687975555","Route 66","red",c(575090.386165116, 6223757.5267272)
"5801705536","Kristian F. Møller","red",c(575080.781933058, 6224227.20513663)
"6353182617","Allé Caféen","red",c(574157.453354408, 6223006.81763049)
"6672801349","Toki Sushi","red",c(574675.072398953, 6226089.62543807)
"6682003786","Erlings Jazz- & Ølbar","red",c(575362.009686566, 6224619.71035742)
"6906067566","Eventyrsport Running Store - Racingdenmark","red",c(574796.606465738, 6223934.71595061)
"6939232519","Netgarn","red",c(574571.502472628, 6223465.48912773)
"7560118950","Djurslands Bank","red",c(575360.191916876, 6224578.61051737)
"8155365697",NA,"red",c(574523.430583854, 6224050.73174764)
"8859574868","Open Space Aarhus","red",c(573770.010292986, 6227433.73101694)
"9251576932","Mor Anna","red",c(575265.697478201, 6224292.46901833)
"9834574311","Vaca","red",c(575274.694172488, 6224339.10530883)
"10201729717","Gørtleri","red",c(574753.099972836, 6223255.18826524)
"10203838861",NA,"red",c(569247.889802762, 6221115.9629696)
"10204812536","Bedemand H. J. Madsen","red",c(574415.13262234, 6223212.66957472)
"10204812539","Happy Skiing","red",c(574503.356766598, 6223218.37706785)
"10204827330","Grün Design og Boliginteriør","red",c(574522.661529545, 6223200.67816517)
"10207719246","Sidsel Brix","red",c(574453.527017517, 6223195.34641135)
"10207778310","Hausfrau","red",c(574516.810947913, 6223199.77489796)
"10207778311","Strikkepinden og den lille Zebra","red",c(574508.995327884, 6223199.30503701)
"10226106632","Miss J","red",c(574610.867230772, 6222754.07647519)
"10959647319",NA,"red",c(573015.463148794, 6225603.90515649)
"11005587642",NA,"red",c(578613.812345793, 6209452.29094375)
"11042621450",NA,"red",c(574647.104106623, 6225749.67456474)
"11042621456","Gæsteetage","red",c(574494.63281182, 6225271.31735143)
"11155463101",NA,"red",c(575701.213888939, 6224853.42993883)
"11395042995",NA,"red",c(576382.266960361, 6229396.13414573)
"32963550","Stensagerskolen","orange",c(570637.900828164, 6225228.69004913)
"51264500","Sankt Pauls Kirke","orange",c(574801.126187093, 6222984.56019306)
"51265304","Aarhus Teater","orange",c(575222.531549519, 6224091.28847383)
"597299691",NA,"orange",c(576187.960299682, 6229660.74525531)
"60650929","Børnehuset Safiren","orange",c(567922.03528759, 6224551.32456657)
"87977286",NA,"orange",c(568025.742158625, 6224649.23327156)
"89020995","Blommehaven","orange",c(576740.574341777, 6218968.46489691)
"101193999",NA,"orange",c(573632.89910907, 6224066.00638544)
"110412993","Immanuelskirken","orange",c(574030.497282328, 6223000.2843552)
"142490491","Zleep Hotel Aarhus","orange",c(572219.757714682, 6221083.90175518)
"143766187","Den Gamle By","orange",c(574017.918658343, 6224413.88970129)
"143821044","Aarhus HF & VUC","orange",c(574305.268428879, 6222744.12711267)
"231427421",NA,"orange",c(574725.366299763, 6223696.52696819)
"254079854","Aarhus Domkirke","orange",c(575196.561864384, 6224200.71553795)
"318242157",NA,"orange",c(573867.224418541, 6223095.69963488)
"435868744",NA,"orange",c(563262.250529978, 6220764.29753602)
"473956287","Foreningernes Hus","orange",c(570722.027751329, 6224713.94185884)
"5177284961",NA,"orange",c(576202.222767168, 6229656.14826283)
"530861188","Pølse Biksen","orange",c(573925.721646521, 6222673.5067979)
"564270772","Tranbjerg kro","orange",c(570712.348243605, 6217295.375436)
"593672635","Riis Skov","orange",c(575904.417114235, 6225921.60519946)
"635792101","KØN","orange",c(575242.812768679, 6224237.3196171)
"998752616","Aarhus Street Food","orange",c(575135.88800819, 6223590.03563637)
"1009083733","Vor Frue Kirke","orange",c(574842.853468843, 6224325.516578)
"1012548871",NA,"orange",c(574733.303216518, 6223725.88449935)
"1012548872",NA,"orange",c(574759.134743065, 6223703.34273549)
"1012548873",NA,"orange",c(574698.880659412, 6223719.23106174)
"1093247495",NA,"orange",c(574782.900525238, 6228446.93656995)
"1163356037","Hundepladsen","orange",c(573019.139128653, 6218298.64536589)
"292893889","OK - Sabro","orange",c(564343.505967702, 6229696.01047707)
"442497830","Øst for Paradis","orange",c(575113.282931296, 6224562.65153519)
"442497989","Metropol","orange",c(575492.899767856, 6225716.48825127)
"502652542","Tranbjerg pizza","orange",c(570580.206033656, 6217052.54069917)
"502696213","Trane Pizza","orange",c(570684.621558916, 6217304.29591856)
"565467526","Jerrys Pizza","orange",c(574476.338065344, 6226004.21758382)
"582970524","Forlæns Og Baglæns","orange",c(574437.620422198, 6223214.55185709)
"632467141","Dee Dee's sandwiches","orange",c(574805.512862987, 6223516.00125371)
"646730049","Radisson Blu Scandinavia Hotel Aarhus","orange",c(574382.516472694, 6223678.63026783)
"654129920","Jensen's Bøfhus Aarhus","orange",c(574914.241964006, 6223661.06428082)
"654137664","Café Casablanca","orange",c(575238.783350792, 6224286.12942304)
"679682774","Pub'en","orange",c(574596.843881851, 6223206.61099178)
"681349349","Banegårdspladsen","orange",c(574730.719318443, 6223452.78865216)
"817922509","Juridisk Bogformidling","orange",c(574651.891992938, 6225756.47092748)
"828079226","A Hereford Beefstouw","orange",c(575160.165053572, 6224105.2824088)
"1116310142","Le Bistrot 65","orange",c(574605.991559234, 6223226.2297422)
"1233003160","ONLY","orange",c(574901.819633312, 6223846.32525729)
"1233003162","Paw Sko","orange",c(574904.952271922, 6223814.63020244)
"1297439719","Faraos Cigarer","orange",c(574873.265701611, 6223730.9613465)
"1297439774","Gina Tricot","orange",c(574921.627029713, 6223847.43970224)
"1319881110","Fri BikeShop","orange",c(574197.619817255, 6223005.27518904)
"1319906957","Friis Cykler","orange",c(573993.336803691, 6225537.1417509)
"1471184447","MM Cykelværksted","orange",c(575291.01485983, 6224469.5422923)
"1488554415","365discount","orange",c(575534.011885999, 6226027.85600107)
"1488566608","Dolce Vita","orange",c(575552.258823505, 6226092.19014893)
"1573825100","Go´ Kaffe","orange",c(574456.276237892, 6222837.11913436)
"1893378536","Radar","orange",c(574176.174765353, 6223765.9161904)
"2511407225","Løve’s Bog og VinCafe","orange",c(575108.291373029, 6224638.99976856)
"2776455708","TÅGEKAMMERET","orange",c(574517.21907607, 6225253.70907938)
"2839209301","Café Vestergade","orange",c(574701.595908837, 6224278.44315324)
"2971243190","Stiller's Coffee","orange",c(574947.983745706, 6224435.59557308)
"3402663467","Birthe Glerup","orange",c(574597.937277531, 6223227.69260822)
"3402664233","Cross Cafe","orange",c(574984.853834098, 6224199.6308793)
"3402667004","Camilla Haug","orange",c(574456.552182032, 6223216.16095879)
"3402669011","Ziggy Sidewalk","orange",c(575022.645820891, 6224170.23478924)
"3402669037","Butik 1000 Ting","orange",c(574445.052325744, 6223192.75005505)
"3760236263","Rostrupkisten","orange",c(576595.717608216, 6216307.19229037)
"3760236264","Kobberupkisten","orange",c(576608.755990225, 6216271.68961405)
"4084101683","Ricks","orange",c(574368.977568268, 6223279.37544257)
"4084101684","La Trattoria Cafe","orange",c(574252.849714213, 6223118.91402946)
"4084111705","Die Kleine Bierstube","orange",c(574767.950739404, 6223876.33809962)
"4090177949","Al Meza","orange",c(574485.139955998, 6223410.17290565)
"4398357562","Cafe Hack","orange",c(575224.234187476, 6224117.6395519)
"4839953435","Restaurant Ombord","orange",c(574639.176921185, 6223227.94309004)
"5033267336","Kongsvang","orange",c(572976.377960073, 6221767.74439025)
"5051758681","Torsøvej","orange",c(576208.943242811, 6229628.39762263)
"5549097623","Aart de Vos","orange",c(574933.903148744, 6224474.47994308)
"5674366933","Frisør Marquart & Søby","orange",c(573899.04176621, 6222768.48491166)
"5674591971","Vingummi","orange",c(575119.662768432, 6224622.53381445)
"5684455342","Frisør Daniel","orange",c(573703.180884605, 6225213.60590382)
"5693618732","Pragh","orange",c(575060.491287319, 6224579.97233068)
"6767686406","China Wok House","orange",c(574992.693471494, 6224196.13891076)
"7202059096","Tir Na Nóg","orange",c(574846.960370094, 6224009.30339401)
"7940746468","Frisør Nineve","orange",c(573816.028908152, 6225403.83223418)
"10868978491","KFT Jylland","orange",c(572150.172776207, 6225371.96876897)
"11001952959",NA,"orange",c(568554.371733226, 6223558.36931215)
